title,published_date,position,video_id,duration,view_count,like_count,comment_count
IMPOSICIONES RELIGIOSAS,2022-05-06T10:45:04Z,0,hqgU_hHBucw,0:09:52,5631,129,7
Lo que tu FAMILIA espera de TI,2022-05-05T10:45:02Z,1,kI7hfX9E6nM,0:09:51,5379,134,6
La secci√≥n m√°s ARTE de PATRICIA ESPEJO,2022-05-04T10:45:01Z,2,QX8V7OY-33M,0:11:52,7537,316,14
TODAS caemos en PREJUICIOS y CLICH√âS RACIALES,2022-05-03T10:45:01Z,3,5PqkOi7MRs4,0:11:44,6898,188,2
QUAN ZHOU lo dej√≥ TODO para VIVIR VIAJANDO,2022-05-02T10:45:01Z,4,OSjn5ic_zY4,0:04:55,6309,130,2
VER MUNDO Y ESTEREOTIPOS INFECTOS con QUAN ZHOU | Estirando el chicle 4x28,2022-05-01T11:00:11Z,5,--GclAWZGUU,0:59:44,187665,7390,299
"M√ìNICA NARANJO, la DIVA DEFINITIVA",2022-04-29T10:45:01Z,6,qpIXHcBp728,0:07:45,5726,146,8
M√ìNICA NARANJO saldr√≠a con CAROLINA IGLESIAS,2022-04-28T10:45:00Z,7,MCHUwky8IsQ,0:09:12,22486,587,22
"El EGO te lleva lejos, pero tambi√©n te DEJA SOLO",2022-04-27T10:45:01Z,8,W91i_iK2HzE,0:10:25,5922,182,12
"HENAR √ÅLVAREZ no fallece, ella ABASTECE",2022-04-26T10:45:04Z,9,xyrn9NPHO-A,0:13:43,24017,644,26
El PODER es no tener MIEDO A NADA,2022-04-25T17:00:15Z,10,S-PhwBVLoDI,0:06:47,6452,216,10
M√ìNICA NARANJO siempre supo que SU VIDA era la M√öSICA,2022-04-25T10:45:00Z,11,E3LFoEwUO_A,0:09:26,5729,185,7
DIOSAS Y PODEROSAS con M√ìNICA NARANJO | Estirando el chicle 4x27,2022-04-24T11:00:29Z,12,mcJqPloHlEk,1:07:14,306036,12380,711
¬øHay ALGO despu√©s de LA MUERTE?,2022-04-17T11:00:07Z,13,MjDftnp0ors,0:11:16,9291,173,15
La experiencia de HENAR √ÅLVAREZ en FLORENCIA,2022-04-14T10:45:00Z,14,IAjWfVUmnIE,0:16:14,32802,587,11
Hay que INVERTIR m√°s en SALUD MENTAL,2022-04-13T10:45:00Z,15,57m5wYATH2I,0:15:18,4820,137,4
RE√çRSE de ABSOLUTAMENTE TODO,2022-04-12T10:45:02Z,16,M5SIBgTzoh4,0:10:48,8535,200,6
A CARMEN ROMERO no le gusta la ADRENALINA,2022-04-11T10:45:00Z,17,30I54MTGL1M,0:12:19,6734,128,1
MIEDO A CASCAR con CARMEN ROMERO | Estirando el chicle 4x26,2022-04-10T11:00:29Z,18,L6Gmy6WRADI,1:17:28,226675,6732,306
El paso de AMOR por GRAN HERMANO,2022-04-08T10:45:00Z,19,0dsf1kl_kRk,0:09:38,11358,202,9
AMOR ROMEIRA ya era COTILLA de PEQUE√ëA,2022-04-07T10:45:02Z,20,bXOMKs4_2EU,0:09:08,4964,104,3
El APOYO de la FAMILIA de AMOR ROMEIRA,2022-04-06T10:45:00Z,21,4D4qi68mXG4,0:08:39,6318,232,10
El ABRIGO de VICTORIA huele a PIS,2022-04-05T10:30:02Z,22,ENMfxI1D5jE,0:12:34,11372,308,12
"LALA CHUS, la M√ÅS COTILLA de su COLEGIO",2022-04-04T09:45:01Z,23,Q3olJUAieTQ,0:08:51,13016,302,13
COTILLA SE NACE con AMOR ROMEIRA | Estirando el chicle 4x25,2022-04-03T11:00:12Z,24,DuFW83stnVQ,1:04:56,242849,8838,444
INGRID GARC√çA-JONSSON ha hecho de DOBLE de CAMERON D√çAZ,2022-04-01T09:45:02Z,25,ZU8MY47FpWk,0:10:10,7180,139,1
TRUCOS para ser un FAMOSO PREMIUM,2022-03-31T10:45:02Z,26,gl-fE5ujrEo,0:14:47,4490,98,3
La CURA DE HUMILDAD de HENAR √ÅLVAREZ en el FESTIVAL DE M√ÅLAGA,2022-03-30T10:45:01Z,27,13PVgiXeybs,0:16:14,20025,496,14
Cuando √ÅNGELES de CAMELA le pidi√≥ una foto a CAROLINA IGLESIAS,2022-03-29T10:45:01Z,28,D1ZM9yI6GHA,0:08:17,6917,162,2
Las BRAGAS de INGRID GARC√çA-JONSSON,2022-03-28T09:45:00Z,29,J729sqeT6Cs,0:11:07,7410,153,3
FAMOSAS POR SER GUAPAS con INGRID GARC√çA-JONSSON | Estirando el chicle 4x24,2022-03-27T11:00:25Z,30,kSvM2rvbgtc,1:09:46,248677,8076,279
"CHICAS, dejemos de FINGIR cuando NO ESTAMOS DISFRUTANDO",2022-03-25T11:45:01Z,31,08m6vye2UCM,0:11:41,13512,290,23
ZAHARA lo comparte TODO en su M√öSICA,2022-03-24T10:45:01Z,32,xtYkkN4zqog,0:10:20,5831,99,6
Lo IMPORTANTE que es HABLAR de RELACIONES con LAS AMIGAS,2022-03-23T10:45:01Z,33,s_X3ftOcTtQ,0:14:19,10484,248,8
HENAR √ÅLVAREZ quiere EUROS Y PRESTIGIO,2022-03-22T10:45:01Z,34,J2HJU7343rg,0:11:58,58529,1142,66
Lo que m√°s PLACER nos da DEL MUNDO,2022-03-21T12:45:02Z,35,cmjn7PUmph4,0:08:50,11871,237,4
TOCARSE LA PEPA con ZAHARA | Estirando el chicle 4x23,2022-03-20T12:00:11Z,36,K0iLBzF4T7E,1:09:57,270609,9503,375
Las aventuras del PADRE DE LALA CHUS en el HOSPITAL,2022-03-18T11:45:02Z,37,Z2AGbljVX6g,0:17:24,16112,471,15
SE TERMINAN LOS SHOWS DE TEATRO | ESTIRANDO EL CHICLE LIVE,2022-03-17T16:00:11Z,38,l8gg2ojXwn0,0:03:54,92069,4874,463
SUSANA RODR√çGUEZ es M√âDICA adem√°s de CAMPEONA DE TRIATL√ìN,2022-03-17T11:45:04Z,39,xX3oVvZmdNw,0:09:54,4414,101,0
Los SACRIFICIOS de SUSANA RODR√çGUEZ para llegar a la √âLITE del DEPORTE,2022-03-16T11:45:01Z,40,SMyiCKOCDJo,0:13:54,5111,119,1
"A SUSANA le gusta el DEPORTE, a NOSOTRAS NO",2022-03-15T11:45:06Z,41,u_7OIwQJ6fs,0:12:15,7981,166,4
SALTO AL POTRO Y SENTADILLAS con SUSANA RODR√çGUEZ | Estirando el chicle 4x22,2022-03-13T12:00:09Z,42,3r7JTjVfyrc,1:04:53,192389,7319,345
Cu√°l es nuestra SPICE GIRL FAVORITA,2022-03-11T11:45:01Z,43,_MT9Evu0ht0,0:08:56,8768,195,7
La obsesi√≥n de LALA CHUS por las TELENOVELAS,2022-03-10T11:45:02Z,44,peYW1kfZWeA,0:12:23,20450,491,8
Nuestros MOMENTOS de FAN m√°s LAMENTABLES,2022-03-09T10:45:01Z,45,uHth8CCSaEs,0:09:31,8591,186,0
La colecci√≥n de FUNKOS de EDURNE,2022-03-08T17:30:04Z,46,biBcMO9f7j8,0:06:32,6481,167,21
EDURNE cantaba la canci√≥n de YO SOY BEA y fue a EUROVISI√ìN,2022-03-08T11:45:00Z,47,M1CSXxq21zg,0:15:03,11980,226,9
VICTORIA MART√çN no puede entrar en un CASINO,2022-03-07T10:45:02Z,48,qb54ZXrrNyw,0:10:54,18004,318,8
SER FRIKIS con EDURNE | Estirando el chicle 4x21,2022-03-06T12:00:15Z,49,rnkCy8g57wQ,1:16:14,267270,8155,277
La DECISI√ìN de SOF√çA CRISTO de PARAR,2022-03-04T11:45:02Z,50,_Wc98YTrcVg,0:11:25,6884,124,9
A PATRICIA ESPEJO se le olvid√≥ el gesto de TRAGAR,2022-03-03T11:45:01Z,51,Y4r8lyN4jdQ,0:13:39,9986,236,11
VIVIR de la NOCHE,2022-03-02T10:45:00Z,52,O3a__4DTgwc,0:08:50,7296,143,0
El proceso de RECUPERACI√ìN de SOF√çA CRISTO,2022-03-01T10:45:00Z,53,CgNXJV89ngg,0:09:44,9358,188,6
VIVIR o MORIR con SOF√çA CRISTO | Estirando el chicle 4x20,2022-02-27T12:00:11Z,54,W7UTzrvCMnU,1:00:17,213255,6879,399
La INFANCIA nos marca PARA SIEMPRE,2022-02-25T11:45:01Z,55,LhTK4LIG6xY,0:09:44,7918,199,4
DIETAS ABSURDAS y RETIROS ESPIRITUALES,2022-02-24T17:45:01Z,56,aTyfORpNPYM,0:12:00,9343,248,11
PATRICIA ESPEJO era una ni√±a ADORABLE,2022-02-24T11:45:00Z,57,EpYA_wiSLR8,0:20:21,24855,874,37
El PEAJE que pagamos por NUESTRO PESO,2022-02-23T11:45:02Z,58,H74I3cK8USU,0:12:03,9256,292,9
REFERENTES de la INFANCIA,2022-02-22T11:45:04Z,59,nPcl5ZzXCcY,0:09:29,7450,174,5
HAMBRE EMOCIONAL con MARA JIM√âNEZ (CROQUETAMENTE) | Estirando el chicle 4x19,2022-02-20T12:00:10Z,60,RtSyvivkBko,1:16:56,289085,11019,562
KARINA deber√≠a ser MILLONARIA,2022-02-18T10:45:00Z,61,Tb2CrkcPaLc,0:13:11,7201,228,8
KARINA ha viajado por TODO EL MUNDO,2022-02-17T10:45:02Z,62,V75EholAzsE,0:11:31,3942,103,5
La madre de LALA CHUS se encontr√≥ con KARINA en misa,2022-02-16T18:00:33Z,63,pr7xGUL4Rkk,0:07:26,8124,229,7
KARINA gan√≥ a LOS BEATLES en las listas de ventas,2022-02-16T11:45:04Z,64,hQ2LMMac-xM,0:09:44,2744,116,7
Como KARINA esquivaba situaciones INC√ìMODAS en los a√±os 60,2022-02-15T11:45:02Z,65,bZVXH5Ror3w,0:17:00,8890,260,17
BA√öL DE LOS RECUERDOS con KARINA | Estirando el chicle 4x18,2022-02-13T12:00:13Z,66,0yaRO4Q7lYc,1:06:40,202225,9292,584
ANA MIL√ÅN es una mujer INDEPENDIENTE,2022-02-11T10:45:01Z,67,_FACqqzLGc8,0:09:57,13535,353,16
PERFECTOS NARCISISTAS y RELACIONES T√ìXICAS,2022-02-10T10:45:01Z,68,C77TNUk3CWs,0:11:34,13786,385,9
No te SEPARES ni un MINUTO de TI MISMA,2022-02-09T17:30:03Z,69,lyzel0BkvTw,0:08:32,11217,369,14
Las preguntas de HENAR √ÅLVAREZ a su hijo,2022-02-09T10:45:03Z,70,L6zOL4djCuY,0:12:07,72737,1406,37
ANA MIL√ÅN ha ligado con M√ìNICA NARANJO,2022-02-08T10:45:00Z,71,c28E6r9cNbk,0:08:43,50863,1133,36
La madurez de SER CORDIAL,2022-02-07T12:45:00Z,72,JTPIiKNBE1E,0:10:16,15138,498,19
MAGN√âTICAS Y SEDUCTORAS con ANA MIL√ÅN | Estirando el chicle 4x17,2022-02-06T12:00:28Z,73,EiuExbTRQns,1:09:47,512563,19844,1081
Cuando SARA S√ÅLAMO se tir√≥ en PARACA√çDAS,2022-02-04T10:45:01Z,74,vgwVFyonbPU,0:08:20,6948,121,6
La DEPRESI√ìN POSPARTO,2022-02-03T10:45:04Z,75,reL8DmEsFpg,0:13:14,10705,218,9
PATRICIA ESPEJO es un poco COBARDICAS,2022-02-02T10:45:00Z,76,YPiFAqdtlW8,0:19:04,14757,340,9
Lo que no se suele HABLAR de la MATERNIDAD,2022-02-01T09:45:02Z,77,kGFYwG8JZ_s,0:09:46,11259,247,8
Plantar cara a los MIEDOS y elegir las LUCHAS,2022-01-31T14:30:00Z,78,2IAD_peRWl8,0:10:20,6806,152,6
ELIGE TUS BATALLAS con SARA S√ÅLAMO | Estirando el chicle 4x16,2022-01-30T12:00:11Z,79,bG2goAiLDxA,1:13:56,256156,7924,280
Recuerdos FELICES y PROP√ìSITOS del A√ëO NUEVO,2022-01-28T10:45:01Z,80,Rp5WD5ODun8,0:10:46,7373,197,7
El 2021 de LALACHUS fue FUERTE,2022-01-27T10:45:02Z,81,oImSD5GekZk,0:20:35,25888,579,13
MALAS NOTICIAS y OPINIONES no pedidas,2022-01-26T09:45:02Z,82,rgdz6fwzCss,0:14:36,22858,696,54
"2021, el a√±o en el que casi NOS DA UN JARI",2022-01-25T10:45:01Z,83,VZ9Z-gjEJ3M,0:09:30,17160,513,12
ES PARA REFLEXIONAR | Estirando el chicle 4x15,2022-01-23T12:00:10Z,84,6U8uUBwYvH8,1:09:53,301059,11577,739
La H√öNGARA fue madre con 15 A√ëOS,2021-12-26T10:45:01Z,85,os-my4ZFSyo,0:11:06,80940,1705,34
Cuando C TANGANA conoci√≥ a LA H√öNGARA,2021-12-23T11:45:01Z,86,SYQtTLnAALQ,0:08:40,65233,1332,38
Hay que TIRAR PALANTE,2021-12-22T11:45:03Z,87,zPAShsCrh7c,0:10:06,7179,172,2
A LA H√öNGARA la descubrieron en un KARAOKE,2021-12-21T11:45:01Z,88,yOyaAVi22-Y,0:12:11,9563,210,3
Cuando UN SE√ëOR le dijo a HENAR √ÅLVAREZ que NO TIENE GRACIA,2021-12-20T11:45:01Z,89,TLUrKQnGhNw,0:11:19,69922,1765,142
EL ARTE con LA H√öNGARA | Estirando el chicle 4x14,2021-12-19T12:00:11Z,90,8iH97Qky9o4,1:04:02,261212,9866,455
Las PRINGADAS de la CLASE,2021-12-17T11:45:01Z,91,KI8W8ANmXhs,0:13:16,10165,215,7
V√çCTIMAS de los RUMORES,2021-12-16T11:45:00Z,92,ESEYOGwUcp8,0:20:06,11310,248,2
Informarse BIEN y FAKE NEWS MAL,2021-12-15T11:45:00Z,93,PGg6ko7oSYs,0:20:05,6877,133,4
"LALA CHUS, MENTIROSA INTERNACIONAL",2021-12-14T17:15:02Z,94,baRwE9dodoM,0:12:45,38970,874,15
EL √öLTIMO SHOW - Estirando el chicle LIVE,2021-12-14T12:00:13Z,95,bJZsB6hzrhM,0:01:23,42281,2638,117
INTENSAS e INFORMADAS con M√ìNICA CARRILLO | Estirando el chicle 4x13,2021-12-12T12:00:12Z,96,j8hvjM6K71g,1:14:15,295111,8766,317
SER ESCRITORA y tener HISTORIAS QUE CONTAR,2021-12-11T11:45:03Z,97,v2tiz-Jy8XE,0:19:41,4170,90,2
RECUERDOS de nuestra INFANCIA,2021-12-10T11:45:03Z,98,c4y9Mho4gtg,0:17:07,5222,122,8
MANOLITO GAFOTAS y otros libros que nos iniciaron en la LECTURA,2021-12-09T10:45:00Z,99,HM7IkBIlon8,0:10:41,3271,62,2
TRAUMITAS de la infancia y alguna HOSTIEJA que otra,2021-12-08T11:45:01Z,100,O8jfzoXcTiw,0:14:58,7346,160,4
LA INFANCIA con ELVIRA LINDO | Estirando el chicle 4x12,2021-12-05T12:00:11Z,101,Z4JAR4GzuYA,1:17:22,257619,7042,301
la IMPORTANCIA de vernos REPRESENTADAS en la FICCI√ìN,2021-12-03T11:45:00Z,102,AikR-fdcQMI,0:09:34,5035,121,5
Insistir en las REIVINDICACIONES FUNCIONA,2021-12-02T11:45:01Z,103,LI2_45qoo4g,0:13:26,7185,172,5
Meterse en POL√âMICAS en REDES SOCIALES,2021-12-01T11:45:03Z,104,T4ahHYXcSPU,0:14:41,7524,172,8
LETICIA DOLERA dej√≥ TIRADA a HENAR √ÅLVAREZ,2021-11-30T11:45:00Z,105,-MKK99XZq6c,0:12:53,51967,1137,19
SER POL√âMICAS con LETICIA DOLERA | Estirando el chicle 4x11,2021-11-28T12:00:10Z,106,oMDiiAueqrg,1:00:24,243523,8822,421
SER MAYOR no significa querer DEJAR DE HACER COSAS,2021-11-26T10:45:01Z,107,vN2d-oJVsvU,0:10:06,4547,105,5
CARMENA y el S*XO,2021-11-25T11:45:01Z,108,_c7PBvN27_w,0:10:09,8352,230,4
"HACERSE MAYOR, seg√∫n MANUELA CARMENA",2021-11-23T11:45:01Z,109,MULgbjHJVZ0,0:10:02,6748,207,3
MANUELA CARMENA fue una HIPPIE FIESTERA,2021-11-23T10:45:01Z,110,8dTAGyZTAyg,0:13:08,3982,125,0
SER VIEJA con MANUELA CARMENA | Estirando el chicle 4x10,2021-11-21T12:00:09Z,111,pYttj6zjwyw,1:00:38,282729,11591,474
La PITONISA que ENGA√ë√ì a VICTORIA MART√çN,2021-11-19T09:45:00Z,112,KpnDFByGpFo,0:07:44,11302,228,3
Hay mucha CREATIVIDAD PERDIENDO EL TIEMPO,2021-11-17T11:45:02Z,113,YTGye8c1i8U,0:11:10,5595,134,2
TODAS hemos PERDIDO EL TIEMPO con GENTE QUE NO MEREC√çA,2021-11-16T11:45:01Z,114,1y4yyq2xtYg,0:11:17,11893,269,11
PERDER EL TIEMPO con NADIA DE SANTIAGO | Estirando el chicle 4x09,2021-11-14T12:05:09Z,115,tWAf7-QJrWQ,0:54:51,240658,7209,355
Nuestras EXPERIENCIAS PARANORMALES,2021-11-12T10:45:00Z,116,atf9cwVVq3c,0:11:15,10577,256,9
VICTORIA MART√çN fue a una reuni√≥n de una ESTAFA PIRAMIDAL,2021-11-11T10:45:05Z,117,VrfZfvnpc-U,0:09:31,8948,222,4
C√≥mo fue CRECIENDO el canal de GATA DE SCHR√ñDINGER,2021-11-10T10:45:03Z,118,qn103f7B1EQ,0:10:19,6320,182,7
Es muy F√ÅCIL ENGA√ëAR a PATRICIA ESPEJO,2021-11-09T10:45:01Z,119,WVI85MN-ycs,0:15:06,22948,635,26
PAJARRACAS SOSPECHOSAS con GATA DE SCHR√ñDINGER | Estirando el chicle 4x08,2021-11-07T12:00:09Z,120,Lb3bKAH-sqs,1:10:22,267733,12762,561
Hay que PARAR de SABOTEARNOS a NOSOTRAS MISMAS,2021-11-06T09:45:01Z,121,3aCgDrm8Du0,0:10:09,4696,152,4
Las PEORES CITAS de CAROLINA IGLESIAS y VICTORIA MART√çN,2021-11-05T10:45:01Z,122,jmbh8lB5vnk,0:08:17,19283,374,3
La REFLEXI√ìN de ABRIL ZAMORA sobre el concepto de FRACASO,2021-11-04T11:45:02Z,123,n4qb9KpPg9U,0:09:28,4701,131,3
LIDIAR con NI√ëOS en el TRABAJO,2021-11-03T11:59:29Z,124,7FAJMEGc1L4,0:10:19,6727,163,11
GESTIONAR EL FRACASO con ABRIL ZAMORA | Estirando el chicle 4x07,2021-10-31T12:00:11Z,125,yqoVkI5bfJA,1:07:54,236291,8170,306
VICTORIA MART√çN es una MALDITA RATA,2021-10-29T10:45:04Z,126,mIGfMQNAAr8,0:08:35,9833,227,0
EXCENTRICIDADES de gente RICA y no TAN RICA,2021-10-28T10:45:05Z,127,sK6V5soEJy0,0:12:26,10633,294,7
CASARSE con un VIEJO por DINERO,2021-10-27T10:45:01Z,128,-EnEPy8LdUY,0:09:05,7132,161,11
Cuando despidieron a HENAR √ÅLVAREZ en vez de a LA HIJA DEL JEFE,2021-10-26T10:45:00Z,129,42DUm7tqUEw,0:18:25,118042,2284,55
Los CUIDADOS DOM√âSTICOS deber√≠an estar MEJOR PAGADOS,2021-10-25T14:07:42Z,130,-_SqyeRED1Q,0:10:16,7017,170,6
SE PUEDE SER RICA Y FEMINISTA con CHARO L√ìPEZ | Estirando el chicle 4x06,2021-10-24T11:00:24Z,131,hyppwq7RQog,1:12:06,244718,8133,299
VIGO ES VIVALDI,2021-10-23T10:45:00Z,132,QuqQ35UXe40,0:09:44,12323,420,17
LLUM BARRERA lleva 21 A√ëOS con LA MISMA PERSONA,2021-10-22T11:02:16Z,133,z1b7x06m3So,0:16:04,9761,238,0
PATRICIA ESPEJO trabaj√≥ en un club de INTERCAMBIO DE PAREJAS,2021-10-21T10:45:01Z,134,YLhg18Dodmk,0:16:30,23485,638,15
¬øExiste el AMOR para TODA LA VIDA?,2021-10-20T10:15:00Z,135,-J2aOQUGtz0,0:09:21,9334,242,8
Est√° en TU BIOLOG√çA no ser UNA RATA,2021-10-19T10:45:01Z,136,sX1DjxtZKrw,0:07:35,7839,186,3
MEJOR MOJAR QUE HACER BURPEES con LLUM BARRERA | Estirando el chicle 4x05,2021-10-17T11:00:10Z,137,p8q5RWxwgFc,1:08:12,277482,8991,291
VIAJAR en el VAG√ìN DEL SILENCIO tocando LAS NARICES,2021-10-15T10:45:01Z,138,vZr3HuvC2-M,0:08:07,7725,149,2
A PATRICIA ESPEJO no se le da bien CONDUCIR,2021-10-14T10:45:05Z,139,kfG25mdQThI,0:11:27,13688,371,24
El sill√≠n de la bici que da GUSTITO en la PEPITILLA,2021-10-13T10:45:01Z,140,tTKmO8elYrM,0:09:02,8295,163,3
"SE√ëOR, D√âJEME EN PAZ cuando voy por la CALLE",2021-10-12T10:45:02Z,141,wLOa7bP1c1I,0:10:50,9200,339,20
MUJER TEN√çAS QUE SER con PATRICIA ESPEJO | Estirando el chicle 4x04,2021-10-10T11:00:11Z,142,5CqdtQIZYJA,0:57:15,218075,8190,292
HARTITAS de las COMPARACIONES entre MUJERES,2021-10-08T10:45:00Z,143,7N3INLXfSMw,0:15:27,8103,202,1
LALA CHUS era una ni√±a un poco LIANTA,2021-10-07T10:45:00Z,144,fUQy7jUT-QA,0:12:26,40504,974,22
ALBA RECHE es muy CR√çTICA consigo misma,2021-10-06T10:45:01Z,145,uvvVy0ScmQA,0:08:40,5898,141,1
Las PEORES COSAS que hemos hecho JAM√ÅS,2021-10-05T10:45:02Z,146,viGy2DDERdA,0:15:19,18464,486,11
CONSEJOS VENDO con ALBA RECHE | Estirando el chicle 4x03,2021-10-03T11:00:31Z,147,eRo-nam7-zY,1:05:12,303142,11504,404
FRANCINE G√ÅLVEZ present√≥ el TELEDIARIO con 23 A√ëOS,2021-10-01T11:00:26Z,148,oohDW0FZxBc,0:13:24,5285,143,8
CONFIANZA CIEGA fue un REALITY MUY FUERTE,2021-09-30T10:45:01Z,149,4qozA4msDXI,0:10:33,6317,147,8
Las MUJERES en la TELE cuando ENVEJECEN DESAPARECEN,2021-09-29T10:45:03Z,150,tp8pZlkYawk,0:09:49,7021,219,12
FRANCINE G√ÅLVEZ vs. P√âREZ REVERTE,2021-09-28T11:00:01Z,151,0in9E-7z76I,0:12:34,16569,489,15
EL PERIODISMO HA MUERTO con FRANCINE G√ÅLVEZ | Estirando el chicle 4x02,2021-09-26T11:00:11Z,152,VgfwAfu6A_M,1:00:32,236013,9451,351
El d√≠a a d√≠a de VIRGINIA TORRECILLA,2021-09-25T10:45:00Z,153,0prQVTtF-z4,0:10:13,4945,101,0
MACHISMO y LGTBIfobia en el mundo del F√öTBOL,2021-09-24T10:45:00Z,154,-gFTowxSO0g,0:09:01,6617,195,13
OPINAR sobre F√öTBOL FEMENINO en Twitter,2021-09-23T10:45:00Z,155,CNcD3jr6h94,0:10:08,5524,126,6
HENAR √ÅLVAREZ fue √ÅRBITRO DE F√öTBOL SALA,2021-09-22T10:45:02Z,156,NC5uvV5oScM,0:14:32,51776,1137,21
VIRGINIA TORRECILLA siempre quiso ser FUTBOLISTA,2021-09-21T10:45:03Z,157,gzmVHJ31Tds,0:09:32,8558,171,6
EL F√öBOL con VIRGINIA TORRECILLA | Estirando el chicle 4x01,2021-09-19T11:00:12Z,158,O_emwvmfwYg,1:12:47,278930,10336,491
EMPIEZA LA TEMPORADA 4 DE ESTIRANDO EL CHICLE,2021-09-14T11:00:12Z,159,vW6-3aK88BE,0:03:31,135369,8382,356
FINAL M√ÅGICO de Estirando el chicle SUMMER EDITION,2021-09-09T10:45:01Z,160,1C_Pnmp8uXk,0:02:15,19444,629,20
"Arriba el PUEBLO, abajo la CIUDAD",2021-09-08T10:45:03Z,161,UQiPj1JObFw,0:09:27,6300,163,4
HENAR √ÅLVAREZ y su ESPECIAL VOMITONAS,2021-09-06T10:45:00Z,162,ZtfUWh-wwp0,0:18:27,46808,1014,31
ANDREA COMPTON creci√≥ en un PUEBLO de 13 HABITANTES,2021-09-02T10:15:01Z,163,SqUsCUT6MkM,0:12:03,11622,360,13
Que vivan LAS VERBENAS,2021-08-31T10:45:00Z,164,5aYIlxKOVmY,0:10:59,8726,254,19
ESTIRANDO EL CHICLE SUMMER EDITION 05 | VERBENAS con ANDREA COMPTON,2021-08-29T11:00:12Z,165,ahZ5bMwljnA,0:59:19,282179,10467,417
Ir a la PLAYA como DIOS nos trajo AL MUNDO,2021-08-26T10:45:01Z,166,lC4UEzmM9cs,0:12:14,32090,422,14
Los RICOS siempre estaÃÅn maÃÅs BRONCEADOS,2021-08-25T10:45:00Z,167,Yg4a-3JhYBk,0:09:30,7004,179,7
A PEDRADAS con los MIRONES,2021-08-23T10:45:00Z,168,G6pSmXWhI5k,0:12:31,9794,304,11
¬øLos HOMBRES pueden ser ALIADOS FEMINISTAS?,2021-08-19T10:45:01Z,169,DXaUHX2RFbc,0:08:03,11882,390,33
A la M*ERDA la OPERACIOÃÅN BIKINI,2021-08-17T10:45:01Z,170,3QD4f4rle2Y,0:14:38,13545,356,16
ESTIRANDO EL CHICLE SUMMER EDITION 04 | A PEDRADAS con NEREA P√âREZ DE LAS HERAS,2021-08-15T11:00:15Z,171,IBlLoatu8TM,1:08:29,251286,8525,393
Las MACHISTADAS en el TRABAJO que tenemos que soportar,2021-08-12T10:45:03Z,172,YTHFSrdBShU,0:10:24,15341,338,12
¬øINSPIRACIOÃÅN o COPIA?  Con MODERNA DE PUEBLO,2021-08-09T10:45:00Z,173,CkKTKfi9QFA,0:15:26,10491,258,6
A PARTIRSE EL LOMO con LALA CHUS,2021-08-05T10:45:00Z,174,VvRQpiLu0Zw,0:13:02,28403,639,23
Nuestros TRABAJOS de BECARIAS PRECARIAS,2021-08-03T10:45:01Z,175,HlSXhFqJ4vA,0:12:08,10527,217,4
ESTIRANDO EL CHICLE SUMMER EDITION 03 | PEOR ES VENDIMIAR con MODERNA DE PUEBLO,2021-08-01T11:00:09Z,176,LHlbU_9Ar0k,1:00:07,262531,8828,348
El choque de CULTURAS que te encuentras AL VIAJAR,2021-07-29T10:45:00Z,177,aHbilKjIcsA,0:15:43,8929,230,4
JUDITH TIRAL es la persona que MAÃÅS LIGA VIAJANDO del mundo,2021-07-27T10:45:03Z,178,VzFV8FUl3ZI,0:08:59,9157,237,7
VIAJAR siendo LGTBIQ+,2021-07-22T10:45:01Z,179,tnm9qD_EkuI,0:04:57,10890,312,6
Las MUJERES tenemos DERECHO a viajar SOLAS sin PELIGRO,2021-07-20T10:45:01Z,180,QV27CPLW8F4,0:14:26,15397,648,58
ESTIRANDO EL CHICLE SUMMER EDITION 02 | VIAJAR POR LA FOTO con JUDITH TIRAL,2021-07-18T11:00:12Z,181,2mCMevnAw7w,1:10:33,296221,11515,610
Los VIAJES m√°s CUTRES de CAROLINA IGLESIAS y VICTORIA MART√çN,2021-07-12T11:00:07Z,182,69kwq6oAFAY,0:12:14,42802,827,36
Las MARCAS que solo se acuerdan del COLECTIVO en el mes del ORGULLO,2021-07-09T10:45:02Z,183,YLqy6Q-sWgo,0:09:24,13270,300,15
DULCEIDA es la REINA del POSTUREO en VERANO,2021-07-06T13:15:02Z,184,YPrNTjF5XwY,0:08:13,13282,220,10
DULCEIDA y VICTORIA MART√çN siempre ganan TODAS las DISCUSIONES,2021-07-06T10:30:14Z,185,m6u8CFt0bv4,0:12:44,5786,109,5
ESTIRANDO EL CHICLE SUMMER EDITION 01 | LAS TETAS FUERA con DULCEIDA,2021-07-04T11:00:11Z,186,w7P3Vl1XybI,0:55:07,384931,11867,493
La MEJOR DROGA es LA VIDA,2021-06-30T09:45:00Z,187,6zId7nQunrE,0:11:11,6765,190,6
La INCREIÃÅBLE historia de coÃÅmo CHELO conocioÃÅ a SU PAREJA,2021-06-28T10:45:00Z,188,ZP7HBqMnHUo,0:08:04,9683,235,6
Estirando el chicle ‚òÄÔ∏èSUMMER EDITION‚òÄÔ∏è  - ¬°Seguimos en verano!,2021-06-24T13:00:21Z,189,SdNQxbpM1-c,0:02:01,77871,6366,277
Cambiando EUROS a PESETAS con LALACHUS,2021-06-23T10:45:03Z,190,KyYH-jrwIg4,0:13:50,15742,455,10
La noche de AMOR de BAÃÅRBARA REY y CHELO GARCIÃÅA-CORTEÃÅS,2021-06-22T10:15:01Z,191,Uz5aYkFTalk,0:13:30,26022,689,25
UNA NOCHE DE AMOR con CHELO GARC√çA-CORT√âS | Estirando el chicle 3x18,2021-06-20T11:00:11Z,192,UOANdUNbDJw,1:01:19,322373,14117,688
Las mayores IRRESPONSABILIDADES que hemos cometido,2021-06-18T09:30:02Z,193,D9uRvw7bhfI,0:10:39,8697,202,13
Hablamos de MADURAR con TONI ACOSTA,2021-06-17T10:30:08Z,194,Mm6jPhI2sLg,0:12:11,5884,181,10
Los PADRES y los ABUELOS tambieÃÅn tienen DESEO,2021-06-16T11:45:01Z,195,rk3ZM2P1YUo,0:08:41,8314,185,10
TONI ACOSTA no se arrepiente de NADA,2021-06-15T11:15:02Z,196,cTmVEX5ZQ3M,0:13:19,8345,227,4
Estar SOLTERA no es ESTAR SOLA,2021-06-14T13:15:01Z,197,mwVZXIB0oWs,0:13:47,53028,1084,45
LA BELLEZA ES SUBJETIVA PARA LAS GUAPAS con TONI ACOSTA | Estirando el chicle 3x17,2021-06-13T11:00:12Z,198,TVbJvMH2hF0,1:07:33,407411,11648,430
Miedos con la REGLA y SIÃÅNDROME PREMENSTRUAL,2021-06-11T10:30:00Z,199,6eHivMJmpVs,0:11:08,19977,539,23
El ESTIGMA de la MENSTRUACIOÃÅN,2021-06-10T11:15:03Z,200,tNUAQs6nJ3c,0:08:37,8151,253,2
ANEÃÅCDOTAS de REGLA con HENAR AÃÅLVAREZ,2021-06-09T12:08:28Z,201,zZfrS024kPw,0:19:57,120810,2878,61
La PRIMERA VEZ que nos vino LA REGLA,2021-06-08T12:45:01Z,202,JBryxSo320I,0:08:29,42175,1099,19
MANCHURR√ìN EN EL PANTAL√ìN | Estirando el chicle 3x16,2021-06-06T11:00:11Z,203,ELP8UAPZhK8,1:00:31,329766,10942,753
Gestionando la ENEMISTAD con NAGORE ROBLES,2021-06-04T10:15:04Z,204,tB7dXmf4V9M,0:16:57,11217,252,2
AMIGOS que dejan de serlo con NAGORE ROBLES,2021-06-03T10:45:01Z,205,NSW06R-cB8k,0:08:19,9141,235,16
El ROAST de NAGORE ROBLES a VICTORIA MARTIN,2021-06-02T10:00:21Z,206,p56u3tCaUUM,0:09:13,18765,443,20
PELEA F√çSICA con NAGORE ROBLES,2021-06-01T11:00:08Z,207,C5i5jx_lQDc,0:10:33,10625,252,19
C4GAR EN LA PLAYA con NAGORE ROBLES | Estirando el chicle 3x15,2021-05-30T11:00:33Z,208,A16pAfv39TE,0:56:18,364153,10965,287
La TOXICIDAD de la industria de la TELE,2021-05-28T13:00:20Z,209,pajypAJavII,0:11:52,7895,220,12
Gestionando LAS CRIÃÅTICAS y el DESPRECIO,2021-05-25T15:00:20Z,210,oEqOuYDNDSs,0:12:08,8410,246,22
Empezando a trabajar EN REDES SOCIALES,2021-05-24T17:18:28Z,211,bQYeBPhbuwI,0:11:30,4396,121,8
CAVIAR DE PEPE con GAKIAN | Estirando el chicle 3x14,2021-05-23T11:00:12Z,212,EFFZ7r3PxvI,0:57:36,218797,8365,359
¬øConciliacioÃÅn familiar y laboral? Eso NO EXISTE,2021-05-21T13:00:05Z,213,Dcx6Gm9UTCo,0:11:30,4629,136,9
DEJAD de hablar de MI CUERPO con TANIA LLASERA,2021-05-20T15:00:21Z,214,tDD_V40-asc,0:06:53,6442,192,4
El pelo de TANIA LLASERA y las BOLLERITAS de Twitter,2021-05-19T15:00:32Z,215,rzzJC6zwh04,0:08:15,9432,193,8
REQUISITOS para trabajar en la TELE,2021-05-18T15:00:07Z,216,JrKUd_WmD7E,0:12:23,6240,171,1
TRASTADAS que hicimos de pequenÃÉas,2021-05-17T14:57:35Z,217,ICElC2aC6Lk,0:10:10,8420,227,7
CONCILIACI√ìN con TANIA LLASERA | Estirando el chicle 3x13,2021-05-16T11:00:14Z,218,ERAUPvdjxhI,1:08:00,292311,9194,402
Abriendo melones MUY NECESARIOS con In√©s Hernand,2021-05-13T15:00:17Z,219,hX0eoSUlaLQ,0:09:08,19072,550,11
Hablamos con In√©s Hernand de Fetiches que SIÃÅ y cosas que NO,2021-05-12T15:00:30Z,220,h96s2CAtrxc,0:15:41,39783,1003,33
La peÃÅsima EDUCACIOÃÅN SEXUAL que recibimos en el INSTITUTO con In√©s Hernand,2021-05-11T15:00:07Z,221,IkkjquNSI44,0:12:32,23961,759,19
La PRIMERA VEZ que te llamaron WARRA con In√©s Hernand,2021-05-10T15:05:39Z,222,fUhYwc7VYVA,0:10:57,35076,1012,29
SER UNA WARRA con IN√âS HERNAND | Estirando el chicle 3x12,2021-05-09T11:00:15Z,223,fBrT71KrM7w,1:00:45,736016,24791,1080
FANS que se pasan TRES PUEBLOS,2021-05-07T13:00:01Z,224,1q1bBxYzeRA,0:08:51,10154,266,5
La VIDA despueÃÅs del FINAL DE LOS SERRANO,2021-05-06T16:03:26Z,225,soCyxEEGf1Y,0:11:45,54510,1080,22
El PRIMER BESO de Sara que vio TODA ESPA√ëA,2021-05-05T15:00:33Z,226,oaRzO_0mHVM,0:09:56,51420,1013,13
Ser YOLI de LOS SERRANO,2021-05-04T13:00:21Z,227,wnZKMMiGVcU,0:12:20,260285,4543,125
TODAS SOMOS YOLI DE LOS SERRANO con SARA BRASAL | Estirando el chicle 3x11,2021-05-02T11:00:14Z,228,-fU_f8RH8r8,1:03:36,271505,7899,252
La LECTURA OBLIGATORIA es una M**RDA,2021-04-30T14:00:01Z,229,0FRhj5_bHAo,0:09:38,5515,151,9
Elvira Sastre SE DECLAROÃÅ a SU PROFESORA,2021-04-29T15:00:34Z,230,ydK6Up3Sn9M,0:10:43,10508,280,8
RECUERDA QUE NO ERES NADIE,2021-04-28T13:00:05Z,231,BoPOHPBYmcY,0:13:54,7451,184,6
CoÃÅmo gestionados la ANSIEDAD,2021-04-27T13:45:02Z,232,Zb5Mk-lP9i4,0:12:30,6392,198,3
CASTIGARSE DEMASIADO,2021-04-26T13:00:11Z,233,JsQHIt0BIbw,0:09:47,3503,109,6
MONETIZAR LAS L√ÅGRIMAS con ELVIRA SASTRE | Estirando el chicle 3x10,2021-04-25T11:00:15Z,234,xgiub7N2q8c,1:09:27,237713,7060,268
Los DRAMAS de la CONVIVENCIA con MIMI XXL,2021-04-22T15:00:20Z,235,xKkyAbN8VfE,0:15:55,16743,380,11
La INCREIÃÅBLE historia de la companÃÉera de MIMI XXL,2021-04-21T13:00:30Z,236,cKc-OSxfbTQ,0:08:09,26726,466,10
Cosas ABSURDAS que pasan cuando COMPARTES PISO con Mimi XXL,2021-04-20T15:00:28Z,237,hGP9NovcX9A,0:09:49,9532,241,1
La PRIMERA VEZ que te INDEPENDIZAS con Mimi XXL,2021-04-19T13:00:07Z,238,A66QaE-Bh9U,0:08:58,6530,187,6
BRAGAS EN EL PASILLO con MIMI XXL | Estirando el chicle 3x09,2021-04-18T11:00:15Z,239,9uMSZ-OgiW8,0:58:20,293208,11123,413
VOMITAR DENTRO de la CAMA con Rigoberta Bandini,2021-04-15T15:00:04Z,240,6uq-mSM8AM4,0:11:25,5270,135,3
LIGOTEOS de FIESTA en Orihuela con Rigoberta Bandini,2021-04-14T13:00:27Z,241,j0UAdR3yzzU,0:10:13,15591,259,10
Las ANEÃÅCDOTAS de FIESTA maÃÅs LOCAS,2021-04-13T15:00:13Z,242,YGGE_F976x0,0:13:26,10542,219,5
La UÃÅLTIMA FIESTA que hemos vivido,2021-04-12T13:00:22Z,243,sAG0ZaqhDog,0:10:24,6073,125,3
SALIR DE FIESTA con RIGOBERTA BANDINI | Estirando el chicle 3x08,2021-04-11T11:00:15Z,244,bNcB2Tk4jXo,0:58:11,414901,9201,292
Hay que LAVARSE BIEN el CULO,2021-04-01T11:00:10Z,245,RwAiZ7czYAo,0:07:03,57890,768,22
Lala Chus es una P*** DIOSA | Estirando el chicle,2021-03-30T14:45:06Z,246,syj92QpeVAo,0:23:38,54629,1202,35
OBSESI√ìN por la COMIDA SANA,2021-03-29T13:00:12Z,247,mEExawOWbuQ,0:09:36,9441,273,18
SENTIRSE BIEN | Estirando el chicle 3x07,2021-03-28T11:00:16Z,248,3OavIEC_-VQ,0:55:39,259524,7193,384
Amarna Miller es MUY ESTRICTA con sus AMISTADES,2021-03-26T12:00:14Z,249,vd9T4RVFTrk,0:10:13,9753,227,5
CELOS y PAREJAS NO MONOÃÅGAMAS,2021-03-25T12:00:14Z,250,o4nC2Hdwcvs,0:16:04,16859,388,46
¬øSe puede CONTROLAR el TEMPERAMENTO? con Amarna Miller,2021-03-24T12:01:20Z,251,-CzXWeLRbjg,0:13:16,6839,173,5
¬øTe tiras PEDOS delante de tu PAREJA?,2021-03-23T12:00:04Z,252,4BwzN6V5dcc,0:08:05,20101,335,19
MEAR CON LA PUERTA ABIERTA con Amarna Miller | Estirando el chicle 3x06,2021-03-21T12:00:16Z,253,DU1cx9_vPG8,1:10:30,297368,9493,578
Sus PEORES CASTINGS,2021-03-19T12:00:07Z,254,Gc_J4f_nB4E,0:08:32,8785,217,8
Paula Usero y Carol Rovira RESPONDEN,2021-03-18T12:00:07Z,255,GjCtthjj0Nk,0:17:16,21565,571,14
El INCREIÃÅBLE primer BLANCAZO de Carol Rovira,2021-03-17T12:00:31Z,256,q2m9vdAq1IY,0:09:37,19243,505,21
¬°¬°¬°Paula Usero SE QUITA LAS BRAGAS en plena entrevista!!!,2021-03-16T12:00:10Z,257,ZHMTHN8BREM,0:06:56,134093,1429,81
Los primeros trabajos de Paula Usero y Carol Rovira,2021-03-15T12:00:05Z,258,EUxsPkmpydo,0:07:36,8718,317,15
EL √âXITO con PAULA USERO y CAROL ROVIRA | Estirando el chicle 3x05,2021-03-14T12:00:15Z,259,1kFBX2pQAyU,1:00:44,312587,10406,544
MIEDO a QUEDARSE SOLA,2021-03-12T12:00:19Z,260,RAS7SRC2Ib0,0:03:21,7197,195,5
La MISTERIOSA HISTORIA del perro que se despidioÃÅ ANTES DE MORIR,2021-03-11T12:00:03Z,261,7Sl37qCcxlo,0:10:01,11325,316,6
INCREIÃÅBLE HISTORIA DE TERROR de la infancia de Victoria MartiÃÅn,2021-03-10T12:00:12Z,262,KY9drteIfYs,0:08:08,50196,1181,24
La TERRORIÃÅFICA HISTORIA del LOCO SIN PIERNAS,2021-03-09T12:00:07Z,263,Rxw2WeFC_II,0:08:54,9431,301,16
La HISTORIA de TERROR de LALA CHUS,2021-03-08T12:00:15Z,264,vnPhu4B7eLk,0:18:09,43503,1063,25
CAGARSE de MIEDO | Estirando el chicle 3x04,2021-03-07T12:00:14Z,265,Ra5JAAVjDfc,0:53:41,246843,7527,382
De sufrir BULLYING a ser POPULAR,2021-03-06T12:00:14Z,266,O8RSgdMZu-c,0:12:51,9377,239,5
FLIPANDO con la aneÃÅcdota del BESO de Victoria MartiÃÅn,2021-03-05T12:00:25Z,267,lEzEmE9ReHg,0:06:16,21577,541,8
¬øSe puede hacer COMEDIA de temas SERIOS?,2021-03-04T12:00:01Z,268,aq7tl58T0Ao,0:08:15,3753,107,4
STOP MR WONDERFUL,2021-03-03T12:00:12Z,269,KBup1vozHtI,0:12:29,10452,312,10
RELACIONES TOÃÅXICAS,2021-03-02T12:00:01Z,270,46YlPV3vEZo,0:09:08,14165,364,14
¬øDeberiÃÅan DEJAR de USARSE los FILTROS de Instagram?,2021-03-01T12:00:06Z,271,LKKTH5Lc5pw,0:08:32,8600,206,6
LOCURAS POR AMOR con SUSANA ABAITUA | Estirando el chicle 3x03,2021-02-28T11:49:13Z,272,Ut9n2HkGT20,1:02:16,268091,8611,421
¬øEl FIÃÅSICO es IMPORTANTE para que una MUJER TRIUNFE?,2021-02-26T12:00:10Z,273,ZdjzwGCaH_8,0:11:36,16603,480,17
¬øQueÃÅ pasoÃÅ con el programa LAS QUE FALTABAN?,2021-02-25T12:00:13Z,274,EyjJpmntVUw,0:12:31,28604,617,13
Ana Morgade elige entre DINERO y PLACER,2021-02-24T12:00:30Z,275,hJs6kE5ELCE,0:13:04,13411,356,7
Ana Morgade habla de la POLEÃÅMICA BAJA de PATERNIDAD,2021-02-23T12:00:32Z,276,t2fBPf42dZw,0:05:21,10055,268,28
"Ana Morgade, Victoria MartiÃÅn y Carolina Iglesias cuentan sus PEORES MOMENTOS",2021-02-22T12:00:09Z,277,YTWSdZxNwRA,0:08:37,18017,387,17
REFERENTES con ANA MORGADE | Estirando el chicle 3x02,2021-02-21T12:00:16Z,278,cGF_gVe3i3s,0:57:19,427900,13696,644
TODAS las MUJERES SE TOCAN,2021-02-19T12:00:04Z,279,COCxVK-0c5I,0:12:03,69369,1113,31
Lo UÃÅNICO que quiero ser es LA ESTRELLA,2021-02-18T12:00:14Z,280,pkBfk1OY5KE,0:10:39,18026,417,11
Descarado ODIO al COLECTIVO,2021-02-17T12:00:09Z,281,D-1RYpaYGH4,0:08:21,22955,579,27
COMER por ANSIEDAD,2021-02-16T12:00:13Z,282,mFe6E0omXvk,0:05:28,12949,259,14
"""Mi abuela tuvo que coserme una falda m√°s grande"" (Victoria Mart√≠n).",2021-02-15T12:00:25Z,283,eli5D51mP64,0:08:33,22594,473,6
Meterse la MANO en el PEPE | Estirando el chicle 3x01,2021-02-14T12:00:13Z,284,ncjsy3yMfvs,0:51:53,358368,8471,367
La BISEXUALIDAD no EXISTE,2021-02-11T10:00:22Z,285,cVnzHV1_Cmo,0:10:07,46485,1398,71
FANS que son un poco CABR*NCETES,2021-02-10T12:00:14Z,286,vYGKc7mB9ws,0:13:42,25279,779,24
NO TE COMPARES con BRITNEY SPEARS,2021-02-09T12:00:08Z,287,Sbe2i_-C6Z8,0:11:54,22621,589,24
PROT√âGETE de las ETS,2021-02-08T12:00:09Z,288,VKL9nIPmTvA,0:08:32,17541,520,18
Coleccionar ANSIEDAD como si fuesen POKEMON,2021-02-07T12:00:09Z,289,dFO9eONAbTw,0:12:07,27966,891,42
üåü¬°¬°VUELVE ESTIRANDO EL CHICLE!!üåü (TEMPORADA 3),2021-02-05T12:05:03Z,290,iFesMs6lQpQ,0:01:11,64957,2646,155
RAPHAEL y otras SUSTANCIAS,2021-02-04T12:00:06Z,291,LG8_U2pGpG4,0:11:22,15151,478,21
Los hoteles M√ÅS CUTRES del MUNDO,2021-02-03T12:00:03Z,292,47WAeOELKUU,0:11:11,24830,775,28
¬øQueÃÅ le pasoÃÅ a Carolina Iglesias con Blanca SuaÃÅrez?,2021-02-02T12:00:18Z,293,WfXYVNAVEAw,0:11:35,214650,2506,34
Los CONSEJOS de BELLEZA de Princesita ConÃÉiti,2021-01-31T12:00:08Z,294,XvgGBjbhg6Q,0:08:08,24529,985,54
Envejecer pintando VAYAINAS,2021-01-28T12:00:04Z,295,4aGYVwdPbtc,0:08:54,19736,527,20
Mi abuelo QUITA a BALTASAR del BeleÃÅn,2021-01-27T12:00:13Z,296,get0VGwHQVM,0:09:03,23010,543,10
¬øAdriana Torrebejano se OPERAR√çA el lunar?,2021-01-26T12:00:31Z,297,zD-UCXrFBaw,0:09:03,16382,272,12
La primera vez que le LATI√ì la PEPITILLA a Victoria Mart√≠n,2021-01-24T12:00:17Z,298,OXwXYVXNahA,0:08:35,218149,3236,111
Aguantando comentarios MACHIRULOS en el trabajo.,2021-01-21T12:00:15Z,299,yeb-3SzxO1E,0:09:09,36254,1200,84
Que TRABAJEN las MUJERES,2021-01-20T12:00:17Z,300,RtN1HVRQPSw,0:11:51,13723,428,16
"FLIPANDO con los COMPLEJOS de Victoria MartiÃÅn, Carolina Iglesias y Adriana Torrebejano",2021-01-19T12:00:26Z,301,jcG7ncyMrRY,0:08:31,17383,365,22
Las MEJORES SERIES de la HISTORIA | Estirando el chicle (Especial CIP),2021-01-17T12:00:32Z,302,iCzQ60Av8hs,1:04:39,203524,4647,318
El PRIMER AMOR de Carolina Iglesias y Victoria MartiÃÅn,2021-01-14T12:00:13Z,303,H5LkwoY5398,0:12:59,60249,1381,69
En los JUEGOS de BEBER todo el mundo MIENTE,2021-01-13T12:00:16Z,304,HetJdZk3qpA,0:04:24,18285,674,42
La MANIPULADORA publicidad y peliÃÅculas de Navidad,2021-01-08T12:00:31Z,305,oS0SCgDKmEU,0:08:05,16045,491,23
RAZONES PARA ODIAR | Estirando el chicle 2x12,2021-01-03T12:00:11Z,306,80ooNRQVl-4,1:05:21,193281,5779,756
"Carolina Iglesias, Victoria MartiÃÅn, Susi y Nacho dan LAS CAMPANADAS",2020-12-31T14:22:22Z,307,sAjYlUbXBv4,0:12:04,20059,648,24
ESPECIAL CAMPANADAS | Estirando el chicle 2x11,2020-12-27T12:00:13Z,308,fG_I9fWU05k,0:45:54,132823,5729,273
¬øLas MUJERES se COMPARAN entre ellas?,2020-12-23T12:00:08Z,309,AP62c2Fkjzg,0:10:25,12996,384,16
¬øAdriana Torrebejano es LESBIANA?,2020-12-22T12:00:11Z,310,ZMwa7d97lRk,0:08:40,269502,3644,139
¬øEs importante tener SEGUIDORES para ser ACTRIZ?,2020-12-21T12:00:09Z,311,CsAyjOJFLFk,0:12:38,8367,271,12
COMPLEJOS con ADRIANA TORREBEJANO | Estirando el chicle 2x10,2020-12-20T12:00:12Z,312,KDgR3xQVPc4,1:11:01,432183,13269,677
BeleÃÅn Aguilera y Lola IÃÅndigo explican La Tirita en Estirando el chicle,2020-12-19T12:00:08Z,313,YkdCwOVJlNc,0:08:16,15795,320,6
¬øSe puede ROMPER BIEN una relacioÃÅn? Con Lola IÃÅndigo y BeleÃÅn Aguilera,2020-12-18T12:00:13Z,314,pv3nAoOt2Sg,0:06:05,6497,219,9
ANEÃÅCDOTAS BRUTALES de Lola IÃÅndigo y BeleÃÅn Aguilera,2020-12-17T12:00:24Z,315,nuBDXejy_sQ,0:06:11,12901,355,3
¬øPrefieres que te dejen por un tiÃÅo o por una tiÃÅa? Con Lola IÃÅndigo y BeleÃÅn Aguilera,2020-12-16T12:00:30Z,316,_arcYIbFNew,0:10:03,41383,859,32
La ROPA INTERIOR de Lola IÃÅndigo y BeleÃÅn Aguilera,2020-12-15T12:00:15Z,317,LIQ1-csCaG4,0:05:04,54274,352,7
¬øFRACASAR es APRENDER? con Lola Indigo y Bel√©n Aguilera,2020-12-14T12:00:16Z,318,Rb4mx1kpbV0,0:13:04,8403,282,7
RUPTURAS con LOLA √çNDIGO y BEL√âN AGUILERA | Estirando el chicle 2x09,2020-12-13T12:00:11Z,319,b3MIrO-1_Hc,0:53:27,349710,12275,797
Los RICOS NO NECESITAN tener PERSONALIDAD - Estirando el chicle,2020-12-11T12:00:03Z,320,CDtbt01VnVY,0:05:55,9281,334,13
INFLUENCERS y MARCAS ¬øA favor o en contra? - Estirando el chicle,2020-12-10T12:00:14Z,321,jCfJ0tlOAXk,0:08:26,10818,313,8
¬øCUAÃÅNTO DINERO tiene Victoria MartiÃÅn? - Estirando el chicle,2020-12-09T12:00:03Z,322,AD5yAro-R5Q,0:06:02,57538,1152,12
¬øEl DINERO da la FELICIDAD? - Estirando el chicle,2020-12-08T12:00:14Z,323,KNNpItfndiQ,0:10:31,10173,284,10
EXCENTRICIDADES de FAMOSOS - Estirando el chicle,2020-12-07T12:00:02Z,324,9ZNK4JhXKhU,0:10:03,18593,505,16
HABER NACIDO RICO | Estirando el chicle 2x08,2020-12-06T12:00:10Z,325,4HU3DsanMfg,0:52:52,230279,8235,332
Madres que ABANDONAN y abuelas que RENIEGAN - Estirando el chicle,2020-12-05T11:00:26Z,326,SzxhZBfx8mU,0:12:47,34068,848,11
Victoria Mart√≠n DE PEQUE√ëA - Estirando el Chicle,2020-12-04T12:00:11Z,327,GDlnZtElOxc,0:08:58,31989,660,5
BESOS con LENGUA entre ABUELOS,2020-12-03T12:00:01Z,328,4dUliZuXiks,0:07:12,4727,158,5
La COMUNIOÃÅN de LALA CHUS | Estirando el chicle,2020-12-02T12:00:04Z,329,LqN0Ypv7z_I,0:04:26,8914,245,2
MADRES INFLUENCERS | Estirando el chicle,2020-12-01T12:00:07Z,330,Cuzt6F892hU,0:08:46,88773,1454,38
Lala Chus interpreta a Lydia Lozano con LOS JAVIS | Estirando el chicle,2020-11-30T12:00:27Z,331,oLEtjNrJHDg,0:06:34,16528,372,6
LA FAMILIA con LALA CHUS | Estirando el chicle 2x07,2020-11-29T12:00:11Z,332,G0MVKC4z5F8,0:54:11,301417,8341,342
TRAICIONADAS - Estirando el chicle,2020-11-27T12:00:26Z,333,Zwq6Wkrn26Y,0:10:39,30271,822,53
Una amiga mala como un bicho y un novio BUENO DE VERDAD - Estirando el chicle,2020-11-26T12:00:09Z,334,_W7PASi19Tg,0:09:31,48765,957,31
La INCREIÃÅBLE INFIDELIDAD de la amiga de Victoria - Estirando el chicle,2020-11-25T12:00:06Z,335,OPecpZOmgas,0:10:25,150459,3522,124
Carolina Iglesias teniÃÅa MIEDO a los REYES MAGOS - Estirando el chicle,2020-11-24T12:00:08Z,336,S9HS9jOR3rM,0:10:20,6555,243,6
Victoria MartiÃÅn  ‚Äúme alegreÃÅ cuando se fue Michael Jackson‚Äù - Estirando el chicle,2020-11-23T12:00:06Z,337,Mx3_o7XVnH0,0:09:24,11069,375,37
MENTIRA Y TRAICI√ìN | Estirando el chicle 2x06,2020-11-22T12:00:13Z,338,i8HHXh5Vl6c,1:03:12,297467,11179,541
LAS COSAS A LA CARA - Estirando el chicle,2020-11-19T10:00:10Z,339,nTzinFfi4wM,0:06:25,9020,286,5
La MAYOR traicioÃÅn - Estirando el chicle,2020-11-18T10:00:03Z,340,DVxl-pTQhxY,0:11:20,12181,296,14
AMIGOS por INTER√âS - Estirando el chicle,2020-11-17T10:00:05Z,341,PtnlFdg5k6A,0:11:16,20493,504,28
¬øSe puede ser amigos entre hombres y mujeres? - Estirando el chicle,2020-11-16T10:00:10Z,342,UMaP_jn02_E,0:11:52,24457,592,24
LA AMISTAD con IGGY RUB√çN | Estirando el chicle 2x05,2020-11-15T12:00:12Z,343,t1XKPQIXI-8,0:51:22,272256,7527,698
La romantizacioÃÅn de la tristeza - Estirando el chicle,2020-11-13T10:00:10Z,344,fE7tC7gmyzQ,0:08:10,15138,478,16
Formas de AFRONTAR la TRISTEZA - Estirando el chicle,2020-11-12T10:00:15Z,345,wwTm5N_LKj0,0:08:39,8548,297,12
Victoria MartiÃÅn y Carolina Iglesias cuentan su PEOR MOMENTO - Estirando el chicle,2020-11-11T10:00:11Z,346,vW27HtIhmq4,0:11:34,64722,1499,42
LA PANDEMIA ES UNA MOVIDA - Estirando el chicle,2020-11-10T10:00:10Z,347,z30ddbKa63E,0:12:45,21923,648,15
En queÃÅ se parecen Victoria MartiÃÅn y Marisol - Estirando el chicle,2020-11-09T10:00:04Z,348,LzyJRa-xJ2s,0:05:00,10737,383,10
ESTAR MAL NO ES SER D√âBIL | Estirando el chicle 2x04,2020-11-08T12:00:12Z,349,5a4g-8oum18,1:00:10,221977,6956,376
Un senÃÉor viejo te ha intentado tocar la colita cuando queriÃÅas cantar - Estirando el chicle,2020-11-07T10:00:02Z,350,ArXibUizcsI,0:05:03,5690,224,29
"QueÃÅ hacer para no pasar de moda, por Andrea Compton - Estirando el chicle",2020-11-06T10:00:02Z,351,A4JohBzq0HQ,0:10:34,5093,154,2
"""Bragas de gorda"", con Andrea Compton - Estirando el chicle",2020-11-05T19:00:02Z,352,GXoFsxtyk2k,0:02:02,6637,236,6
"La gente QUIERE ver DIVERSIDAD, con Andrea Compton - Estirando el chicle",2020-11-05T10:00:20Z,353,pb3ZEJviUUs,0:10:10,8524,328,21
"Andrea Compton, Victoria MartiÃÅn y Carolina Iglesias dentro de diez anÃÉos - Estirando el chicle",2020-11-04T10:00:18Z,354,mJChizKm35g,0:09:24,14352,533,13
AsiÃÅ empezoÃÅ Andrea Compton en YouTube - Estirando el chicle,2020-11-03T10:00:07Z,355,dmCr0mGLFLs,0:06:07,7267,216,4
"Lo que se gana en YouTube es una VERGUÃàENZA, con Andrea Compton - Estirando el chicle",2020-11-02T10:00:01Z,356,4BTF3SA_aj0,0:06:28,32552,965,27
CREADORAS con ANDREA COMPTON | Estirando el chicle 2x03,2020-11-01T12:00:20Z,357,L6pTebTuEcg,1:01:23,398895,11291,448
"Tipos de MADRES y MATERNIDAD SUBROGADA, con Henar √Ålvarez - Estirando el chicle",2020-10-31T13:30:01Z,358,agSp84LuVvY,0:07:40,46950,657,21
"Antes te cerraban el chichi, con Henar √Ålvarez - Estirando el chicle",2020-10-30T13:30:05Z,359,S-hIaLKdbnM,0:04:03,45025,409,4
FLIPANDO con el parto de Henar AÃÅlvarez - Estirando el chicle,2020-10-29T13:30:03Z,360,wQBenUL3_EI,0:13:03,199270,4622,246
"Invierte en el HERMANO LISTO, por Henar √Ålvarez - Estirando el chicle",2020-10-28T13:30:01Z,361,ElU3xeetVwI,0:03:24,28120,698,11
"La conciliacioÃÅn laboral NO EXISTE, con Henar √Ålvarez - Estirando el chicle",2020-10-27T13:30:01Z,362,ITR-Jabwf1s,0:08:12,35121,685,22
"Las tetas de una madre, seg√∫n Henar √Ålvarez - Estirando el chicle",2020-10-26T10:30:01Z,363,2AgO3zH8_V0,0:04:21,44377,469,7
SER MADRE con HENAR √ÅLVAREZ | Estirando el chicle 2x02,2020-10-25T12:00:13Z,364,0khxOMsmCvY,0:59:04,454043,12835,498
Carolina Iglesias se INVENT√ì su PRIMERA VEZ - Estirando el chicle,2020-10-22T10:15:01Z,365,Rj4-b6fANak,0:03:11,12413,309,4
PORNO de VENGANZA - Estirando el chicle,2020-10-21T12:15:02Z,366,_UQHV2W191E,0:08:49,11949,294,6
La PRIMERA VEZ es una MIERDA - Estirando el chicle,2020-10-20T11:15:00Z,367,-a4wlhqjoV4,0:09:53,20311,516,25
Los l√≠mites del PORNO - Estirando el chicle,2020-10-19T09:45:00Z,368,NFLEq-zaRWs,0:06:45,61188,939,58
EL SOCARRAT DEL PORNO | Estirando el chicle 2x01,2020-10-18T11:00:13Z,369,8g7UNmbxYOc,0:57:42,186837,6668,296
RID√çCULA - Estirando el chicle,2020-10-17T09:57:03Z,370,PjiclmoiKs4,0:00:35,16296,970,22
Cuando Victoria Mart√≠n casi SE MUERE - Estirando el chicle,2020-10-16T09:15:01Z,371,YJIcGmtvtiI,0:03:28,27747,663,10
LA PEQUE PRIMERO - Estirando el chicle,2020-10-14T10:55:31Z,372,qm6_8_fjEZU,0:00:44,12334,984,41
VUELVE ESTIRANDO EL CHICLE,2020-10-11T10:58:07Z,373,ohLya104BWk,0:01:14,26594,1295,61
NOS COLAMOS en LA SER - Estirando el chicle,2020-10-08T11:02:25Z,374,X2lbf2BWtTE,0:01:48,15032,1124,64
